Column_A,0.3421,12.24,-,2.6.63,Column_F,Column_G,Column_H,a
,0.1268,4.53,-,26.66,,8,,a
,0.lU95,4.0,-,26.64,,8,,a
,0.84732,30.28,-,26.64,,8,,a
,0.84732,-,0.4335,26.61,,8,,a
,0.84732,30.30,-,26.66,,8,,a
,0.84732,30.29,-,26.65,,8,,a
,0.84732,-,0.2259a,26.66,,8,,a
,0.84732,-,0.2650b,26.76,,8,,a
,0.4500,16.12,-,26.71,,14,,b
,,,,---,,,,
,,,average,26.66,5.0,=,0.04,
