Temperature (°C),Numeric Data,Temperature (°C)
15,804.3,0.02216
20,826.4,0.02158
25,868.7,0.02052
30,908.2,0.01963
40,988.1,0.01805
50,1083.0,0.01647
60,1179.0,0.01512
70,1274.8,0.01399
80,1368.1,0.01303
