Temperature (°C),Temperature (°C),Temperature (°C)
0.00336,0.00333,0.00333
0.00333,0.00333,0.00333
0.00336,0.00336,0.00333
0.00333,0.00334,0.00333
