Temperature (°C),Text Data,Temperature (°C),Phase
20,25.68,0.07706,II
25,26.52,0.08022,II
40,28.80,0.08904,II
50,30.06,0.09409,II
60,31. 37,0.09947,II
70,32.52,0.1043,II
100,36.03,0.1198,II
