d g cm-,3.0,n /cP,mass%,mass%,,mass%,mass%,Ca2+,2Hl0,H20,,phase4,,
1.15941.1781  -------1.1672,,1.3740.9831.118,1.141.211.26,- ----,,19.9412.784.30,---- 22.898.61,6.214.693.09,10047.439.04,560939112273,A,A + + B I t  +,C,B
1.1874,,0.901,1.22,----,,-----,26.01,2.89,2.95,2248,,A +,,C
1.38051.44731.4730,,7.08310.919.256,1.231.141.21,19.0844.9743.50,,---------- -----,1--6-.1--73.82,62.0410093.86,1.821.231.18,1236729684,A,I t  A + +  C +,D,D
